Workbook

Sheet Dashboard
A1: Supply Chain Inventory Dashboard
A2: Live workbook — Status and KPIs recalculate from the Inventory / Products / Warehouses tabs
B3: Total SKU-Warehouse Combos | D3: Combos At/Below Reorder Point | F3: % At Risk | H3: Avg Days-Equivalent Safety Stock
B4: =COUNTA(Inventory!A2:A101) -> 100 | D4: =COUNTIF(J8:J107,"REORDER") -> 22 | F4: =D4/B4 -> 0.22 | H4: =AVERAGE(Inventory!E2:E101) -> 40.05
A7: Product ID | B7: Product Name | C7: Category | D7: Warehouse ID | E7: Warehouse Name | F7: Stock on Hand | G7: Reorder Point | H7: Safety Stock | I7: Units Below ROP | J7: Status | L7: Warehouse | M7: OK | N7: REORDER
A8: =Inventory!A2 -> P001 | B8: =INDEX(Products!$B$2:$B$26,MATCH(A8,Products!$A$2:$A$26,0)) -> Wireless Mouse | C8: =INDEX(Products!$C$2:$C$26,MATCH(A8,Products!$A$2:$A$26,0)) -> Electronics | D8: =Inventory!B2 -> W1 | E8: =INDEX(Warehouses!$B$2:$B$5,MATCH(D8,Warehouses!$A$2:$A$5,0)) -> North DC | F8: =Inventory!C2 -> 107 | G8: =Inventory!D2 -> 107 | H8: =Inventory!E2 -> 28 | I8: =MAX(0,G8-F8) -> 0 | J8: =IF(F8<=G8,"REORDER","OK") -> REORDER | L8: =Warehouses!B2 -> North DC | M8: =COUNTIFS($D$8:$D$107,Warehouses!A2,$J$8:$J$107,"OK") -> 19 | N8: =COUNTIFS($D$8:$D$107,Warehouses!A2,$J$8:$J$107,"REORDER") -> 6
A9: =Inventory!A3 -> P001 | B9: =INDEX(Products!$B$2:$B$26,MATCH(A9,Products!$A$2:$A$26,0)) -> Wireless Mouse | C9: =INDEX(Products!$C$2:$C$26,MATCH(A9,Products!$A$2:$A$26,0)) -> Electronics | D9: =Inventory!B3 -> W2 | E9: =INDEX(Warehouses!$B$2:$B$5,MATCH(D9,Warehouses!$A$2:$A$5,0)) -> South DC | F9: =Inventory!C3 -> 282 | G9: =Inventory!D3 -> 273 | H9: =Inventory!E3 -> 78 | I9: =MAX(0,G9-F9) -> 0 | J9: =IF(F9<=G9,"REORDER","OK") -> OK | L9: =Warehouses!B3 -> South DC | M9: =COUNTIFS($D$8:$D$107,Warehouses!A3,$J$8:$J$107,"OK") -> 17 | N9: =COUNTIFS($D$8:$D$107,Warehouses!A3,$J$8:$J$107,"REORDER") -> 8
A10: =Inventory!A4 -> P001 | B10: =INDEX(Products!$B$2:$B$26,MATCH(A10,Products!$A$2:$A$26,0)) -> Wireless Mouse | C10: =INDEX(Products!$C$2:$C$26,MATCH(A10,Products!$A$2:$A$26,0)) -> Electronics | D10: =Inventory!B4 -> W3 | E10: =INDEX(Warehouses!$B$2:$B$5,MATCH(D10,Warehouses!$A$2:$A$5,0)) -> East DC | F10: =Inventory!C4 -> 304 | G10: =Inventory!D4 -> 145 | H10: =Inventory!E4 -> 39 | I10: =MAX(0,G10-F10) -> 0 | J10: =IF(F10<=G10,"REORDER","OK") -> OK | L10: =Warehouses!B4 -> East DC | M10: =COUNTIFS($D$8:$D$107,Warehouses!A4,$J$8:$J$107,"OK") -> 22 | N10: =COUNTIFS($D$8:$D$107,Warehouses!A4,$J$8:$J$107,"REORDER") -> 3
A11: =Inventory!A5 -> P001 | B11: =INDEX(Products!$B$2:$B$26,MATCH(A11,Products!$A$2:$A$26,0)) -> Wireless Mouse | C11: =INDEX(Products!$C$2:$C$26,MATCH(A11,Products!$A$2:$A$26,0)) -> Electronics | D11: =Inventory!B5 -> W4 | E11: =INDEX(Warehouses!$B$2:$B$5,MATCH(D11,Warehouses!$A$2:$A$5,0)) -> West DC | F11: =Inventory!C5 -> 257 | G11: =Inventory!D5 -> 185 | H11: =Inventory!E5 -> 34 | I11: =MAX(0,G11-F11) -> 0 | J11: =IF(F11<=G11,"REORDER","OK") -> OK | L11: =Warehouses!B5 -> West DC | M11: =COUNTIFS($D$8:$D$107,Warehouses!A5,$J$8:$J$107,"OK") -> 20 | N11: =COUNTIFS($D$8:$D$107,Warehouses!A5,$J$8:$J$107,"REORDER") -> 5
A12: =Inventory!A6 -> P002 | B12: =INDEX(Products!$B$2:$B$26,MATCH(A12,Products!$A$2:$A$26,0)) -> USB-C Hub | C12: =INDEX(Products!$C$2:$C$26,MATCH(A12,Products!$A$2:$A$26,0)) -> Home & Kitchen | D12: =Inventory!B6 -> W1 | E12: =INDEX(Warehouses!$B$2:$B$5,MATCH(D12,Warehouses!$A$2:$A$5,0)) -> North DC | F12: =Inventory!C6 -> 65 | G12: =Inventory!D6 -> 38 | H12: =Inventory!E6 -> 8 | I12: =MAX(0,G12-F12) -> 0 | J12: =IF(F12<=G12,"REORDER","OK") -> OK
A13: =Inventory!A7 -> P002 | B13: =INDEX(Products!$B$2:$B$26,MATCH(A13,Products!$A$2:$A$26,0)) -> USB-C Hub | C13: =INDEX(Products!$C$2:$C$26,MATCH(A13,Products!$A$2:$A$26,0)) -> Home & Kitchen | D13: =Inventory!B7 -> W2 | E13: =INDEX(Warehouses!$B$2:$B$5,MATCH(D13,Warehouses!$A$2:$A$5,0)) -> South DC | F13: =Inventory!C7 -> 47 | G13: =Inventory!D7 -> 67 | H13: =Inventory!E7 -> 10 | I13: =MAX(0,G13-F13) -> 20 | J13: =IF(F13<=G13,"REORDER","OK") -> REORDER
A14: =Inventory!A8 -> P002 | B14: =INDEX(Products!$B$2:$B$26,MATCH(A14,Products!$A$2:$A$26,0)) -> USB-C Hub | C14: =INDEX(Products!$C$2:$C$26,MATCH(A14,Products!$A$2:$A$26,0)) -> Home & Kitchen | D14: =Inventory!B8 -> W3 | E14: =INDEX(Warehouses!$B$2:$B$5,MATCH(D14,Warehouses!$A$2:$A$5,0)) -> East DC | F14: =Inventory!C8 -> 96 | G14: =Inventory!D8 -> 87 | H14: =Inventory!E8 -> 23 | I14: =MAX(0,G14-F14) -> 0 | J14: =IF(F14<=G14,"REORDER","OK") -> OK
A15: =Inventory!A9 -> P002 | B15: =INDEX(Products!$B$2:$B$26,MATCH(A15,Products!$A$2:$A$26,0)) -> USB-C Hub | C15: =INDEX(Products!$C$2:$C$26,MATCH(A15,Products!$A$2:$A$26,0)) -> Home & Kitchen | D15: =Inventory!B9 -> W4 | E15: =INDEX(Warehouses!$B$2:$B$5,MATCH(D15,Warehouses!$A$2:$A$5,0)) -> West DC | F15: =Inventory!C9 -> 168 | G15: =Inventory!D9 -> 142 | H15: =Inventory!E9 -> 31 | I15: =MAX(0,G15-F15) -> 0 | J15: =IF(F15<=G15,"REORDER","OK") -> OK
A16: =Inventory!A10 -> P003 | B16: =INDEX(Products!$B$2:$B$26,MATCH(A16,Products!$A$2:$A$26,0)) -> Bluetooth Speaker | C16: =INDEX(Products!$C$2:$C$26,MATCH(A16,Products!$A$2:$A$26,0)) -> Office Supplies | D16: =Inventory!B10 -> W1 | E16: =INDEX(Warehouses!$B$2:$B$5,MATCH(D16,Warehouses!$A$2:$A$5,0)) -> North DC | F16: =Inventory!C10 -> 460 | G16: =Inventory!D10 -> 316 | H16: =Inventory!E10 -> 71 | I16: =MAX(0,G16-F16) -> 0 | J16: =IF(F16<=G16,"REORDER","OK") -> OK
A17: =Inventory!A11 -> P003 | B17: =INDEX(Products!$B$2:$B$26,MATCH(A17,Products!$A$2:$A$26,0)) -> Bluetooth Speaker | C17: =INDEX(Products!$C$2:$C$26,MATCH(A17,Products!$A$2:$A$26,0)) -> Office Supplies | D17: =Inventory!B11 -> W2 | E17: =INDEX(Warehouses!$B$2:$B$5,MATCH(D17,Warehouses!$A$2:$A$5,0)) -> South DC | F17: =Inventory!C11 -> 132 | G17: =Inventory!D11 -> 48 | H17: =Inventory!E11 -> 11 | I17: =MAX(0,G17-F17) -> 0 | J17: =IF(F17<=G17,"REORDER","OK") -> OK
A18: =Inventory!A12 -> P003 | B18: =INDEX(Products!$B$2:$B$26,MATCH(A18,Products!$A$2:$A$26,0)) -> Bluetooth Speaker | C18: =INDEX(Products!$C$2:$C$26,MATCH(A18,Products!$A$2:$A$26,0)) -> Office Supplies | D18: =Inventory!B12 -> W3 | E18: =INDEX(Warehouses!$B$2:$B$5,MATCH(D18,Warehouses!$A$2:$A$5,0)) -> East DC | F18: =Inventory!C12 -> 73 | G18: =Inventory!D12 -> 315 | H18: =Inventory!E12 -> 75 | I18: =MAX(0,G18-F18) -> 242 | J18: =IF(F18<=G18,"REORDER","OK") -> REORDER
A19: =Inventory!A13 -> P003 | B19: =INDEX(Products!$B$2:$B$26,MATCH(A19,Products!$A$2:$A$26,0)) -> Bluetooth Speaker | C19: =INDEX(Products!$C$2:$C$26,MATCH(A19,Products!$A$2:$A$26,0)) -> Office Supplies | D19: =Inventory!B13 -> W4 | E19: =INDEX(Warehouses!$B$2:$B$5,MATCH(D19,Warehouses!$A$2:$A$5,0)) -> West DC | F19: =Inventory!C13 -> 110 | G19: =Inventory!D13 -> 101 | H19: =Inventory!E13 -> 20 | I19: =MAX(0,G19-F19) -> 0 | J19: =IF(F19<=G19,"REORDER","OK") -> OK
A20: =Inventory!A14 -> P004 | B20: =INDEX(Products!$B$2:$B$26,MATCH(A20,Products!$A$2:$A$26,0)) -> LED Desk Lamp | C20: =INDEX(Products!$C$2:$C$26,MATCH(A20,Products!$A$2:$A$26,0)) -> Apparel | D20: =Inventory!B14 -> W1 | E20: =INDEX(Warehouses!$B$2:$B$5,MATCH(D20,Warehouses!$A$2:$A$5,0)) -> North DC | F20: =Inventory!C14 -> 289 | G20: =Inventory!D14 -> 158 | H20: =Inventory!E14 -> 22 | I20: =MAX(0,G20-F20) -> 0 | J20: =IF(F20<=G20,"REORDER","OK") -> OK
A21: =Inventory!A15 -> P004 | B21: =INDEX(Products!$B$2:$B$26,MATCH(A21,Products!$A$2:$A$26,0)) -> LED Desk Lamp | C21: =INDEX(Products!$C$2:$C$26,MATCH(A21,Products!$A$2:$A$26,0)) -> Apparel | D21: =Inventory!B15 -> W2 | E21: =INDEX(Warehouses!$B$2:$B$5,MATCH(D21,Warehouses!$A$2:$A$5,0)) -> South DC | F21: =Inventory!C15 -> 238 | G21: =Inventory!D15 -> 305 | H21: =Inventory!E15 -> 48 | I21: =MAX(0,G21-F21) -> 67 | J21: =IF(F21<=G21,"REORDER","OK") -> REORDER
A22: =Inventory!A16 -> P004 | B22: =INDEX(Products!$B$2:$B$26,MATCH(A22,Products!$A$2:$A$26,0)) -> LED Desk Lamp | C22: =INDEX(Products!$C$2:$C$26,MATCH(A22,Products!$A$2:$A$26,0)) -> Apparel | D22: =Inventory!B16 -> W3 | E22: =INDEX(Warehouses!$B$2:$B$5,MATCH(D22,Warehouses!$A$2:$A$5,0)) -> East DC | F22: =Inventory!C16 -> 78 | G22: =Inventory!D16 -> 62 | H22: =Inventory!E16 -> 14 | I22: =MAX(0,G22-F22) -> 0 | J22: =IF(F22<=G22,"REORDER","OK") -> OK
A23: =Inventory!A17 -> P004 | B23: =INDEX(Products!$B$2:$B$26,MATCH(A23,Products!$A$2:$A$26,0)) -> LED Desk Lamp | C23: =INDEX(Products!$C$2:$C$26,MATCH(A23,Products!$A$2:$A$26,0)) -> Apparel | D23: =Inventory!B17 -> W4 | E23: =INDEX(Warehouses!$B$2:$B$5,MATCH(D23,Warehouses!$A$2:$A$5,0)) -> West DC | F23: =Inventory!C17 -> 501 | G23: =Inventory!D17 -> 280 | H23: =Inventory!E17 -> 68 | I23: =MAX(0,G23-F23) -> 0 | J23: =IF(F23<=G23,"REORDER","OK") -> OK
... A107: =Inventory!A101 -> P025 | B107: =INDEX(Products!$B$2:$B$26,MATCH(A107,Products!$A$2:$A$26,0)) -> Screwdriver Set | C107: =INDEX(Products!$C$2:$C$26,MATCH(A107,Products!$A$2:$A$26,0)) -> Tools | D107: =Inventory!B101 -> W4 | E107: =INDEX(Warehouses!$B$2:$B$5,MATCH(D107,Warehouses!$A$2:$A$5,0)) -> West DC | F107: =Inventory!C101 -> 132 | G107: =Inventory!D101 -> 95 | H107: =Inventory!E101 -> 16 | I107: =MAX(0,G107-F107) -> 0 | J107: =IF(F107<=G107,"REORDER","OK") -> OK

Sheet Products
A1: Product Id | B1: Product Name | C1: Category | D1: Unit Cost | E1: Unit Price
A2: P001 | B2: Wireless Mouse | C2: Electronics | D2: 62.82 | E2: 92.67
A3: P002 | B3: USB-C Hub | C3: Home & Kitchen | D3: 37.35 | E3: 64.24
A4: P003 | B4: Bluetooth Speaker | C4: Office Supplies | D4: 69.25 | E4: 92.76
A5: P004 | B5: LED Desk Lamp | C5: Apparel | D5: 57 | E5: 82.02
A6: P005 | B6: Noise-Cancel Headphones | C6: Tools | D6: 11.16 | E6: 21.37
A7: P006 | B7: Stainless Steel Water Bottle | C7: Electronics | D7: 78.15 | E7: 153.98
A8: P007 | B8: Non-Stick Frying Pan | C8: Home & Kitchen | D8: 61.85 | E8: 134.26
A9: P008 | B9: Ceramic Mug Set | C9: Office Supplies | D9: 63.74 | E9: 101.55
A10: P009 | B10: Electric Kettle | C10: Apparel | D10: 13.74 | E10: 22.44
A11: P010 | B11: Blender | C11: Tools | D11: 38.23 | E11: 65.86
A12: P011 | B12: A4 Notebook Pack | C12: Electronics | D12: 32.18 | E12: 47.32
A13: P012 | B13: Gel Pens (12-pack) | C13: Home & Kitchen | D13: 74.43 | E13: 105.46
... A26: P025 | B26: Screwdriver Set | C26: Tools | D26: 63.16 | E26: 90.05

Sheet Suppliers
A1: Supplier Id | B1: Supplier Name | C1: Product Id | D1: Lead Time Days | E1: On Time Delivery Rate
A2: S07 | B2: Harbor & Co | C2: P001 | D2: 15 | E2: 0.925
A3: S05 | B3: Meridian Wholesale | C3: P002 | D3: 19 | E3: 0.77
A4: S01 | B4: Global Parts Co | C4: P003 | D4: 17 | E4: 0.919
A5: S07 | B5: Harbor & Co | C5: P004 | D5: 19 | E5: 0.924
A6: S05 | B6: Meridian Wholesale | C6: P005 | D6: 16 | E6: 0.797
A7: S06 | B7: Crestpoint Industries | C7: P006 | D7: 17 | E7: 0.797
A8: S05 | B8: Meridian Wholesale | C8: P007 | D8: 18 | E8: 0.781
A9: S05 | B9: Meridian Wholesale | C9: P008 | D9: 15 | E9: 0.771
A10: S01 | B10: Global Parts Co | C10: P009 | D10: 18 | E10: 0.917
A11: S05 | B11: Meridian Wholesale | C11: P010 | D11: 17 | E11: 0.733
A12: S07 | B12: Harbor & Co | C12: P011 | D12: 18 | E12: 0.867
A13: S03 | B13: Pacific Sourcing Ltd | C13: P012 | D13: 19 | E13: 0.82
... A26: S07 | B26: Harbor & Co | C26: P025 | D26: 18 | E26: 0.858

Sheet Warehouses
A1: Warehouse Id | B1: Warehouse Name | C1: Region
A2: W1 | B2: North DC | C2: North
A3: W2 | B3: South DC | C3: South
A4: W3 | B4: East DC | C4: East
A5: W4 | B5: West DC | C5: West

Sheet Inventory
A1: Product Id | B1: Warehouse Id | C1: Stock On Hand | D1: Reorder Point | E1: Safety Stock
A2: P001 | B2: W1 | C2: 107 | D2: 107 | E2: 28
A3: P001 | B3: W2 | C3: 282 | D3: 273 | E3: 78
A4: P001 | B4: W3 | C4: 304 | D4: 145 | E4: 39
A5: P001 | B5: W4 | C5: 257 | D5: 185 | E5: 34
A6: P002 | B6: W1 | C6: 65 | D6: 38 | E6: 8
A7: P002 | B7: W2 | C7: 47 | D7: 67 | E7: 10
A8: P002 | B8: W3 | C8: 96 | D8: 87 | E8: 23
A9: P002 | B9: W4 | C9: 168 | D9: 142 | E9: 31
A10: P003 | B10: W1 | C10: 460 | D10: 316 | E10: 71
A11: P003 | B11: W2 | C11: 132 | D11: 48 | E11: 11
A12: P003 | B12: W3 | C12: 73 | D12: 315 | E12: 75
A13: P003 | B13: W4 | C13: 110 | D13: 101 | E13: 20
... A101: P025 | B101: W4 | C101: 132 | D101: 95 | E101: 16

Sheet Reorder_Model
A1: Product Id | B1: Product Name | C1: Category | D1: Warehouse Id | E1: Warehouse Name | F1: Supplier Name | G1: Lead Time Days | H1: Avg Daily Demand | I1: Std Daily Demand | J1: Recommended Safety Stock | K1: Recommended Reorder Point
A2: P002 | B2: USB-C Hub | C2: Home & Kitchen | D2: W3 | E2: East DC | F2: Meridian Wholesale | G2: 19 | H2: 14.897959 | I2: 9.0075082 | J2: 65 | K2: 348
A3: P013 | B3: Sticky Notes | C3: Office Supplies | D3: W3 | E3: East DC | F3: Meridian Wholesale | G3: 18 | H3: 15.938776 | I3: 8.2396606 | J3: 58 | K3: 345
A4: P025 | B4: Screwdriver Set | C4: Tools | D4: W1 | E4: North DC | F4: Harbor & Co | G4: 18 | H4: 15.380952 | I4: 9.501152 | J4: 67 | K4: 344
A5: P009 | B5: Electric Kettle | C5: Apparel | D5: W2 | E5: South DC | F5: Global Parts Co | G5: 18 | H5: 15.311475 | I5: 9.1843 | J5: 64 | K5: 340
A6: P004 | B6: LED Desk Lamp | C6: Apparel | D6: W3 | E6: East DC | F6: Harbor & Co | G6: 19 | H6: 15.071429 | I6: 7.394979 | J6: 53 | K6: 339
A7: P002 | B7: USB-C Hub | C7: Home & Kitchen | D7: W4 | E7: West DC | F7: Meridian Wholesale | G7: 19 | H7: 14.34 | I7: 8.9205335 | J7: 64 | K7: 336
A8: P004 | B8: LED Desk Lamp | C8: Apparel | D8: W1 | E8: North DC | F8: Harbor & Co | G8: 19 | H8: 14.6 | I8: 7.362568 | J8: 53 | K8: 330
A9: P007 | B9: Non-Stick Frying Pan | C9: Home & Kitchen | D9: W2 | E9: South DC | F9: Meridian Wholesale | G9: 18 | H9: 15.116279 | I9: 7.4776152 | J9: 52 | K9: 324
A10: P019 | B10: Wool Socks (3-pack) | C10: Apparel | D10: W3 | E10: East DC | F10: Pacific Sourcing Ltd | G10: 15 | H10: 17.244444 | I10: 9.7774219 | J10: 62 | K10: 321
A11: P012 | B11: Gel Pens (12-pack) | C11: Home & Kitchen | D11: W2 | E11: South DC | F11: Pacific Sourcing Ltd | G11: 19 | H11: 13.903846 | I11: 7.7995968 | J11: 56 | K11: 320
A12: P003 | B12: Bluetooth Speaker | C12: Office Supplies | D12: W1 | E12: North DC | F12: Global Parts Co | G12: 17 | H12: 14.84 | I12: 9.6539302 | J12: 66 | K12: 318
A13: P006 | B13: Stainless Steel Water Bottle | C13: Electronics | D13: W1 | E13: North DC | F13: Crestpoint Industries | G13: 17 | H13: 15.615385 | I13: 7.6649287 | J13: 52 | K13: 317
... A101: P020 | B101: Baseball Cap | C101: Tools | D101: W3 | E101: East DC | F101: Union Freight Supply | G101: 3 | H101: 12.02 | I101: 7.147113 | J101: 20 | K101: 56
A103: Source: analysis.py — 3-mo moving avg / exponential smoothing demand model, 95% service level (Z=1.65). Recomputed whenever generate_data.py / analysis.py are re-run.

Sheet Supplier_Scorecard
A1: Supplier Scorecard
A2: Legend: yellow cells are the only inputs (supplier IDs) — everything else recalculates from the Suppliers tab.
A4: Supplier ID | B4: Supplier Name | C4: Products Supplied | D4: Avg Lead Time (days) | E4: Avg On-Time %
A5: S01 | B5: =INDEX(Suppliers!$B$2:$B$26,MATCH(A5,Suppliers!$A$2:$A$26,0)) -> Global Parts Co | C5: =COUNTIF(Suppliers!$A$2:$A$26,A5) -> 4 | D5: =ROUND(AVERAGEIF(Suppliers!$A$2:$A$26,A5,Suppliers!$D$2:$D$26),1) -> 17.3 | E5: =AVERAGEIF(Suppliers!$A$2:$A$26,A5,Suppliers!$E$2:$E$26) -> 0.919
A6: S02 | B6: =INDEX(Suppliers!$B$2:$B$26,MATCH(A6,Suppliers!$A$2:$A$26,0)) -> Northline Trading | C6: =COUNTIF(Suppliers!$A$2:$A$26,A6) -> 2 | D6: =ROUND(AVERAGEIF(Suppliers!$A$2:$A$26,A6,Suppliers!$D$2:$D$26),1) -> 7 | E6: =AVERAGEIF(Suppliers!$A$2:$A$26,A6,Suppliers!$E$2:$E$26) -> 0.944
A7: S03 | B7: =INDEX(Suppliers!$B$2:$B$26,MATCH(A7,Suppliers!$A$2:$A$26,0)) -> Pacific Sourcing Ltd | C7: =COUNTIF(Suppliers!$A$2:$A$26,A7) -> 3 | D7: =ROUND(AVERAGEIF(Suppliers!$A$2:$A$26,A7,Suppliers!$D$2:$D$26),1) -> 17 | E7: =AVERAGEIF(Suppliers!$A$2:$A$26,A7,Suppliers!$E$2:$E$26) -> 0.845
A8: S04 | B8: =INDEX(Suppliers!$B$2:$B$26,MATCH(A8,Suppliers!$A$2:$A$26,0)) -> Union Freight Supply | C8: =COUNTIF(Suppliers!$A$2:$A$26,A8) -> 2 | D8: =ROUND(AVERAGEIF(Suppliers!$A$2:$A$26,A8,Suppliers!$D$2:$D$26),1) -> 3.5 | E8: =AVERAGEIF(Suppliers!$A$2:$A$26,A8,Suppliers!$E$2:$E$26) -> 0.8665
A9: S05 | B9: =INDEX(Suppliers!$B$2:$B$26,MATCH(A9,Suppliers!$A$2:$A$26,0)) -> Meridian Wholesale | C9: =COUNTIF(Suppliers!$A$2:$A$26,A9) -> 6 | D9: =ROUND(AVERAGEIF(Suppliers!$A$2:$A$26,A9,Suppliers!$D$2:$D$26),1) -> 17.2 | E9: =AVERAGEIF(Suppliers!$A$2:$A$26,A9,Suppliers!$E$2:$E$26) -> 0.76766667
A10: S06 | B10: =INDEX(Suppliers!$B$2:$B$26,MATCH(A10,Suppliers!$A$2:$A$26,0)) -> Crestpoint Industries | C10: =COUNTIF(Suppliers!$A$2:$A$26,A10) -> 1 | D10: =ROUND(AVERAGEIF(Suppliers!$A$2:$A$26,A10,Suppliers!$D$2:$D$26),1) -> 17 | E10: =AVERAGEIF(Suppliers!$A$2:$A$26,A10,Suppliers!$E$2:$E$26) -> 0.797
A11: S07 | B11: =INDEX(Suppliers!$B$2:$B$26,MATCH(A11,Suppliers!$A$2:$A$26,0)) -> Harbor & Co | C11: =COUNTIF(Suppliers!$A$2:$A$26,A11) -> 5 | D11: =ROUND(AVERAGEIF(Suppliers!$A$2:$A$26,A11,Suppliers!$D$2:$D$26),1) -> 17 | E11: =AVERAGEIF(Suppliers!$A$2:$A$26,A11,Suppliers!$E$2:$E$26) -> 0.891
A12: S08 | B12: =INDEX(Suppliers!$B$2:$B$26,MATCH(A12,Suppliers!$A$2:$A$26,0)) -> Silverline Distributors | C12: =COUNTIF(Suppliers!$A$2:$A$26,A12) -> 2 | D12: =ROUND(AVERAGEIF(Suppliers!$A$2:$A$26,A12,Suppliers!$D$2:$D$26),1) -> 15 | E12: =AVERAGEIF(Suppliers!$A$2:$A$26,A12,Suppliers!$E$2:$E$26) -> 0.8795
